Alamo Drafthouse Cinema - City Point,New York
AMC Empire 25,New York
AMC Kips Bay 15,New York
AMC Loews 19th St. East 6,New York
AMC Loews 34th Street 14,New York
AMC Loews 84th Street 6,New York
AMC Loews Lincoln Square 13,New York
AMC Loews Orpheum 7,New York
AMC Magic Johnson Harlem 9,New York
AMC Newport Centre 11,New York
AMC Village 7,New York
Angelika Film Center New York,New York
Anthology Film Archives,New York
BAM Harvey Theater/Steinberg Screen,New York
BAM Rose Cinemas,New York
Bow Tie Hoboken Cinemas,New York
Cinema Village,New York
Cinépolis Chelsea,New York
City Cinemas Beekman Theatre,New York
City Cinemas Cinemas 123,New York
City Cinemas East 86th St.,New York
City Cinemas Paris Theatre,New York
City Cinemas Village East Cinema,New York
Cobble Hill Cinemas,New York
Columbia Park 12,New York
Edgewater Multiplex Cinemas,New York
Film Forum,New York
Film Society Lincoln Center - Elinor Bunin Munroe Film Center,New York
Film Society Lincoln Center - Walter Reade Theater,New York
IFC Center,New York
IMAX Theatre - American Museum of Natural History,New York
iPic Theaters at Fulton Market,New York
Kerasotes ShowPlace 14 ,New York
Metrograph,New York
Nitehawk Cinema,New York
Regal Battery Park Stadium 11,New York
Regal E-Walk Stadium 13 &amp,New York
Regal Union Square Stadium 14,New York
Syndicated Theater,New York
The Landmark at 57 West,New York
UA Court Street Stadium 12 &amp,New York
UA Kaufman Astoria Stadium 14 &amp,New York
Williamsburg Cinemas,New York
AMC Starplex Ridgefield Park 12,New York
Concourse Plaza Multiplex Cinemas,New York
iPic Theaters Hudson Lights,New York
Regal Atlas Park Stadium 8,New York
Williams Center Cinema,New York
Century Redwood City 20,California
CineArts @ Palo Alto Square,California
Landmark's Aquarius Theatre,California
Landmark's Guild Theatre,California
Century Cinemas 16,California
Kerasotes Mountain View ShowPlace ICON,California
AMC Mercado 20,California
AMC Newpark 12,California
AMC Saratoga 14,California
Camera 7,California
Century 20 Great Mall,California
Century 25 Union City and XD,California
Century at Hayward,California
Century at Pacific Commons,California
Century at Tanforan,California
Century San Leandro Bayfair 16,California
Century San Mateo 12,California
CineArts @ Santana Row,California
CineLux Chabot Cinema,California
CineLux Plaza Theatre,California
Serra Theatres,California
Towne 3 Cinemas,California
Alameda Theatre &amp -  Cineplex ,California
Alamo Drafthouse Cinema - New Mission,California
AMC Bay Street 16,California
AMC Eastridge 15,California
AMC Kabuki 8,California
AMC Metreon 16,California
AMC Van Ness 14,California
Century 20 Daly City and XD,California
Century 20 Oakridge and XD,California
Century San Francisco Centre 9 and XD,California
CineArts @ Empire,California
CineLux Almaden Cafe &amp,California
Grand Lake Theater,California
Landmark Embarcadero Center Cinema,California
Landmark's Clay Theatre,California
Landmark's Piedmont Theatre,California
Los Gatos Theatre,California
Marina Theatre,California
Opera Plaza Cinemas,California
Regal Crow Canyon Stadium 6,California
Regal Hacienda Crossings Stadium 20 IMAX &amp,California
Regal Jack London Stadium 9,California
Roxie Theater,California
The New Parkway Theater,California
UA Stonestown Twin,California
Vogue Theatre,California
West Wind Capitol 6 Drive-In,California
Cobb CinéBistro at CityPlace Doral,Florida
Cobb CinéBistro at Dolphin Mall,Florida
Cobb Theatres - Dolphin 19 Cinema,Florida
Coral Gables Art Cinema,Florida
LeJeune Cinemas VI,Florida
AMC Hialeah 12,Florida
AMC Sunset Place 24,Florida
AMC Tamiami 18,Florida
Cinépolis Coconut Grove,Florida
CMX - Brickell City Centre,Florida
Cobb Grand 18,Florida
Cobb Theatres - Miami Lakes 17,Florida
O Cinema Wynwood,Florida
Regal Kendall Village Stadium 16 IMAX &amp,Florida
Silverspot Cinema - Downtown Miami,Florida
The Landmark at Merrick Park,Florida
Tower Theater - Miami Dade College,Florida
AMC Aventura 24,Florida
AMC Pembroke Lakes 9,Florida
Cinema Paradiso - Hollywood,Florida
Cinemark Paradise 24,Florida
Flipper's Hollywood Cinema 10,Florida
iPic Theaters at the Intracoastal Mall,Florida
O Cinema Miami Beach,Florida
Regal Oakwood Stadium 18,Florida
Regal South Beach Stadium 18,Florida
Regal Southland Mall Stadium 16,Florida
Regal Westfork Stadium 13,Florida
UA Falls 12,Florida
AMC Dine-in Theatres Coral Ridge 10,Florida
AMC Sunrise 8,Florida
AMC Weston 8,Florida
AutoNation IMAX Theatre,Florida
Cinema Paradiso - Fort Lauderdale,Florida
Flagship Cinemas - Homestead,Florida
Paragon Ridge 8,Florida
Regal Broward Stadium 12 &amp,Florida
Regal Sawgrass Stadium 23 &amp,Florida
The Classic Gateway Theatre,Florida
Regal Cypress Creek Station Stadium 16,Florida
Century 12 Evanston/CinéArts 6 and XD,Illinois
CMX - Old Orchard,Illinois
Wilmette Theatres,Illinois
AMC Dine-in Northbrook Court 14,Illinois
AMC Norridge 6,Illinois
AMC Showplace Niles 12,Illinois
AMC Showplace Village Crossing 18,Illinois
ArcLight Glenview,Illinois
Davis Theater,Illinois
Landmark Renaissance Place Cinema,Illinois
MovieMax Cinemas,Illinois
Music Box Theatre,Illinois
New 400 Theater,Illinois
Pickwick,Illinois
AMC Dine-in 600 North Michigan 9,Illinois
AMC Dine-in Theatres Block 37,Illinois
AMC Hawthorn 12,Illinois
AMC Loews Streets of Woodfield 20,Illinois
AMC Navy Pier IMAX Theatre,Illinois
AMC Randhurst 12,Illinois
AMC River East 21,Illinois
AMC Rosemont 18,Illinois
AMC Showplace Cicero 14,Illinois
AMC Showplace Galewood 14,Illinois
ArcLight Chicago,Illinois
Buffalo Grove Theater,Illinois
Century 16 Deer Park Town Center,Illinois
Cinemark Melrose Park,Illinois
Classic Cinemas Elk Grove Theatre,Illinois
Classic Cinemas Lake Theatre,Illinois
Classic Cinemas North Riverside Luxury 6,Illinois
Classic Cinemas York Theatre,Illinois
"Golden Age Cinemas, LLC - Liberty 1 &amp; 2 Theater - Libertyvi",Illinois
Landmark Century Centre Cinema,Illinois
Logan,Illinois
Marcus Addison Cinema,Illinois
Regal City North Stadium 14 IMAX &amp,Illinois
Regal Lincolnshire Stadium 15 &amp,Illinois
Regal Webster Place 11,Illinois
ShowPlace ICON at Roosevelt Collection with ICON X,Illinois
Star Cinema Grill - Arlington Heights,Illinois
AMC Oak Brook Center 4,Illinois
AMC Oakbrook Center 12,Illinois
AMC South Barrington 24,Illinois
Catlow Theatre,Illinois
Cinemark Century Stratford Square,Illinois
Picture Show @ Bloomingdale,Illinois
Regal Lake Zurich 12,Illinois
The Harper Theatre,Illinois
Albert Einstein Planetarium - National Air and Space Museum,Washington
AMC Courthouse Plaza 8,Washington
AMC Loews Georgetown 14,Washington
AMC Loews Uptown 1,Washington
AMC Mazza Gallerie,Washington
Angelika Pop-Up at Union Market,Washington
Avalon,Washington
Landmark Atlantic Plumbing Cinema,Washington
Landmark E Street Cinema,Washington
Landmark West End Cinema,Washington
Regal Ballston Quarter Stadium 12,Washington
Regal Gallery Place Stadium 14,Washington
Regal Potomac Yard Stadium 16,Washington
Smithsonian - Lockheed Martin IMAX Theater,Washington
Smithsonian - Warner Bros. Theater,Washington
AFI Silver Theatre Cultural Center,Washington
AMC Academy 8,Washington
AMC Hoffman Center 22,Washington
AMC Magic Johnson Capital Center 12,Washington
AMC Rivertowne Commons 12,Washington
AMC Shirlington 7,Washington
AMC Wheaton 9,Washington
DC Cinemas,Washington
Landmark Bethesda Row Cinema,Washington
Regal Hyattsville Royale Stadium 14,Washington
Regal Majestic Stadium 20 &amp,Washington
AMC Center Park 8,Washington
AMC Loews Rio Cinemas 18,Washington
AMC Tysons Corner 16,Washington
Angelika Film Center Mosaic,Washington
ArcLight Bethesda,Washington
Bow Tie Reston Town Center 11 &amp,Washington
Cinema Arts Theatre,Washington
iPic Pike &amp,Washington
Old Greenbelt Theatre,Washington
Rave Cinemas Fairfax Corner 14 + Xtreme,Washington
Regal Bowie Stadium 14,Washington
Regal Fairfax Towne Center 10,Washington
Regal Kingstowne Stadium 16 &amp,Washington
Regal Laurel Towne Centre 12,Washington
Regal Rockville Center Stadium 13,Washington
Regal Springfield Town Center 12,Washington
University Mall Theatre,Washington
Xscape Theatres Brandywine 14,Washington
AMC Loews St. Charles Town Ctr. 9,Washington
AMC Worldgate 9,Washington
Regal Waugh Chapel Stadium 12 &amp,Washington